Date,Watch time (hours)
2017-12-08,0.0093
2017-12-09,0.112
2017-12-10,0.2082
2017-12-11,0.0246
2017-12-12,0.0136
2017-12-13,0.0067
2017-12-14,0
2017-12-15,0.0043
2017-12-16,0.0309
2017-12-17,0
2017-12-18,0
2017-12-19,0
2017-12-20,0
2017-12-21,0
2017-12-22,0
2017-12-23,0.1143
2017-12-24,0.0488
2017-12-25,0.1414
2017-12-26,0.0181
2017-12-27,0.0171
2017-12-28,0.0355
2017-12-29,0.1704
2017-12-30,0.0222
2017-12-31,0.0013
2018-01-01,0
2018-01-02,0.0033
2018-01-03,0.0027
2018-01-04,0
2018-01-05,0
2018-01-06,0.0696
2018-01-07,0.1005
2018-01-08,0.114
2018-01-09,0.0585
2018-01-10,0.0422
2018-01-11,0.1106
2018-01-12,0.0209
2018-01-13,0.288
2018-01-14,0.2036
2018-01-15,0.0655
2018-01-16,0.0207
2018-01-17,0.0216
2018-01-18,0.0166
2018-01-19,0.0238
2018-01-20,0.1
2018-01-21,0.0578
2018-01-22,0.0523
2018-01-23,0.0093
2018-01-24,0.0608
2018-01-25,0.039
2018-01-26,0.0874
2018-01-27,0.0931
2018-01-28,0.0616
2018-01-29,0.041
2018-01-30,0.1564
2018-01-31,0.0425
2018-02-01,0.0203
2018-02-02,0.0322
2018-02-03,0.1104
2018-02-04,0.0751
2018-02-05,0.0513
2018-02-06,0.0091
2018-02-07,0.0142
2018-02-08,0.0066
2018-02-09,0.0149
2018-02-10,0.3074
2018-02-11,0.0919
2018-02-12,0.0257
2018-02-13,0.0092
2018-02-14,0.0351
2018-02-15,0.0275
2018-02-16,0.005
2018-02-17,0.0527
2018-02-18,0.0684
2018-02-19,0.1206
2018-02-20,0
2018-02-21,0.0718
2018-02-22,0.0265
2018-02-23,0
2018-02-24,0.1409
2018-02-25,0.1616
2018-02-26,0.0246
2018-02-27,0.0481
2018-02-28,0.0354
2018-03-01,0.086
2018-03-02,0.0322
2018-03-03,0.3211
2018-03-04,0.1622
2018-03-05,0.0684
2018-03-06,0.0559
2018-03-07,0.0226
2018-03-08,0.0971
2018-03-09,0.0317
2018-03-10,0.0676
2018-03-11,0.2506
2018-03-12,0.0937
2018-03-13,0.1151
2018-03-14,0.2149
2018-03-15,0.3256
2018-03-16,0.1617
2018-03-17,0.0784
2018-03-18,0.0487
2018-03-19,0.0152
2018-03-20,0.008
2018-03-21,0.0121
2018-03-22,0.0587
2018-03-23,0.0835
2018-03-24,0.0408
2018-03-25,0.021
2018-03-26,0.0397
2018-03-27,0.018
2018-03-28,0.0483
2018-03-29,0.0443
2018-03-30,0.017
2018-03-31,0.0622
2018-04-01,0.0456
2018-04-02,0.0205
2018-04-03,0.0041
2018-04-04,0.0136
2018-04-05,0.022
2018-04-06,0.0018
2018-04-07,0.0645
2018-04-08,0.0405
2018-04-09,0.0036
2018-04-10,0.0344
2018-04-11,0.0304
2018-04-12,0.0109
2018-04-13,0.0352
2018-04-14,0.0362
2018-04-15,0.1013
2018-04-16,0.0269
2018-04-17,0.0609
2018-04-18,0.1718
2018-04-19,0.1123
2018-04-20,0.0695
2018-04-21,0.0243
2018-04-22,0.0182
2018-04-23,0.0173
2018-04-24,0.0161
2018-04-25,0.0134
2018-04-26,0.0114
2018-04-27,0.0524
2018-04-28,0.0073
2018-04-29,0.0601
2018-04-30,0.0189
2018-05-01,0.0049
2018-05-02,0.0246
2018-05-03,0.0711
2018-05-04,0.0384
2018-05-05,0.0336
2018-05-06,0.0486
2018-05-07,0.0181
2018-05-08,0.0229
2018-05-09,0.0263
2018-05-10,0.0036
2018-05-11,0.033
2018-05-12,0.0588
2018-05-13,0.0517
2018-05-14,0.0227
2018-05-15,0
2018-05-16,0.0102
2018-05-17,0.0216
2018-05-18,0.0499
2018-05-19,0.0251
2018-05-20,0.0797
2018-05-21,0.0599
2018-05-22,0.0023
2018-05-23,0.0388
2018-05-24,0.208
2018-05-25,0.1903
2018-05-26,0.0446
2018-05-27,0.1729
2018-05-28,0.0854
2018-05-29,0.02
2018-05-30,0.0507
2018-05-31,0.0019
2018-06-01,0.0391
2018-06-02,0.0527
2018-06-03,0.0827
2018-06-04,0.0138
2018-06-05,0.074
2018-06-06,0.188
2018-06-07,0.2655
2018-06-08,0.2712
2018-06-09,0.0713
2018-06-10,0.0303
2018-06-11,0.2203
2018-06-12,0.0853
2018-06-13,0.034
2018-06-14,0.0272
2018-06-15,0.0191
2018-06-16,0.0271
2018-06-17,0.038
2018-06-18,0.0195
2018-06-19,0.0072
2018-06-20,0.0205
2018-06-21,0.0039
2018-06-22,0.0388
2018-06-23,0.0581
2018-06-24,0.0245
2018-06-25,0.0952
2018-06-26,0.1358
2018-06-27,0.1446
2018-06-28,0.4421
2018-06-29,0.1306
2018-06-30,0.0421
2018-07-01,0.0658
2018-07-02,0.1782
2018-07-03,0.1161
2018-07-04,0.1722
2018-07-05,0.0484
2018-07-06,0.0361
2018-07-07,0.0711
2018-07-08,0.1465
2018-07-09,0.0628
2018-07-10,0.0837
2018-07-11,0.3617
2018-07-12,0.3214
2018-07-13,0.174
2018-07-14,0.0742
2018-07-15,0.0634
2018-07-16,0.2545
2018-07-17,0.0195
2018-07-18,0.0769
2018-07-19,0.0173
2018-07-20,0.0766
2018-07-21,0.112
2018-07-22,0.1376
2018-07-23,0.1048
2018-07-24,0.2843
2018-07-25,0.1103
2018-07-26,0.126
2018-07-27,0.0446
2018-07-28,0.0382
2018-07-29,0.083
2018-07-30,0.4604
2018-07-31,0.377
2018-08-01,0.2009
2018-08-02,0.0996
2018-08-03,0.1297
2018-08-04,0.0255
2018-08-05,0.0704
2018-08-06,0.0971
2018-08-07,0.0514
2018-08-08,0.0346
2018-08-09,0.3679
2018-08-10,0.0726
2018-08-11,0.4375
2018-08-12,0.2521
2018-08-13,0.2623
2018-08-14,0.1268
2018-08-15,0.0507
2018-08-16,0
2018-08-17,0.038
2018-08-18,0.2406
2018-08-19,0.1188
2018-08-20,0.0161
2018-08-21,0.0333
2018-08-22,0.0022
2018-08-23,0.0043
2018-08-24,0.1321
2018-08-25,0.0556
2018-08-26,0.2293
2018-08-27,0.0138
2018-08-28,0.0087
2018-08-29,0.006
2018-08-30,0.0079
2018-08-31,0.023
2018-09-01,0.0389
2018-09-02,0.0908
2018-09-03,0.0656
2018-09-04,0.0168
2018-09-05,0.0168
2018-09-06,0.0165
2018-09-07,0.1261
2018-09-08,0.1203
2018-09-09,0.0009
2018-09-10,0.0398
2018-09-11,0.0246
2018-09-12,0.0158
2018-09-13,0.0256
2018-09-14,0.0583
2018-09-15,0.0282
2018-09-16,0.1349
2018-09-17,0.0765
2018-09-18,0.0236
2018-09-19,0.0163
2018-09-20,0.0115
2018-09-21,0.0112
2018-09-22,0.0526
2018-09-23,0.0587
2018-09-24,0.0301
2018-09-25,0.346
2018-09-26,0.0775
2018-09-27,0
2018-09-28,0.0089
2018-09-29,0.1457
2018-09-30,0.1748
2018-10-01,0.0006
2018-10-02,0.0805
2018-10-03,0.0722
2018-10-04,0.0117
2018-10-05,0.2848
2018-10-06,0.2179
2018-10-07,0.0544
2018-10-08,0.0503
2018-10-09,0.0521
2018-10-10,0.0414
2018-10-11,0.0072
2018-10-12,0.0159
2018-10-13,0.0651
2018-10-14,0.2584
2018-10-15,0.0713
2018-10-16,0.036
2018-10-17,0.0126
2018-10-18,0.0256
2018-10-19,0.0076
2018-10-20,0.0302
2018-10-21,0.053
2018-10-22,0.0044
2018-10-23,0.0097
2018-10-24,0.0602
2018-10-25,0.0225
2018-10-26,0.0407
2018-10-27,0.1066
2018-10-28,0.4948
2018-10-29,0.09
2018-10-30,0.0702
2018-10-31,0.0179
2018-11-01,0.009
2018-11-02,0.0817
2018-11-03,0.1281
2018-11-04,0.0638
2018-11-05,0.0237
2018-11-06,0.2479
2018-11-07,0.122
2018-11-08,0.199
2018-11-09,0.2424
2018-11-10,0.0534
2018-11-11,0.0104
2018-11-12,0.0334
2018-11-13,0.0036
2018-11-14,0.0355
2018-11-15,0.0463
2018-11-16,0.0133
2018-11-17,0.188
2018-11-18,0.1296
2018-11-19,0.0036
2018-11-20,0.0196
2018-11-21,0.0674
2018-11-22,0.0171
2018-11-23,0.0295
2018-11-24,0.0238
2018-11-25,0.0107
2018-11-26,0.024
2018-11-27,0.0044
2018-11-28,0
2018-11-29,0.0027
2018-11-30,0.0686
2018-12-01,0.0449
2018-12-02,0.0392
2018-12-03,0.0091
2018-12-04,0.0209
2018-12-05,0.1573
2018-12-06,0.0118
2018-12-07,0
2018-12-08,0.0341
2018-12-09,0.377
2018-12-10,0.0716
2018-12-11,0.0547
2018-12-12,0.0316
2018-12-13,0.0036
2018-12-14,0.0396
2018-12-15,0.2009
2018-12-16,0.0927
2018-12-17,0.1361
2018-12-18,0.0268
2018-12-19,0.0233
2018-12-20,0.5045
2018-12-21,0.2128
2018-12-22,0.0255
2018-12-23,0.0771
2018-12-24,0.1848
2018-12-25,0.1282
2018-12-26,0.0398
2018-12-27,0.0875
2018-12-28,0.034
2018-12-29,0.0042
2018-12-30,0.1297
2018-12-31,0.0373
2019-01-01,0.6246
2019-01-02,0.9172
2019-01-03,0.1076
2019-01-04,0.3955
2019-01-05,0.1836
2019-01-06,0.1411
2019-01-07,0.1293
2019-01-08,0.0703
2019-01-09,0.0519
2019-01-10,0.0823
2019-01-11,0.0591
2019-01-12,0.1694
2019-01-13,0.0574
2019-01-14,0.132
2019-01-15,0.0722
2019-01-16,0.0143
2019-01-17,0.0177
2019-01-18,0.0036
2019-01-19,0.0594
2019-01-20,0.0559
2019-01-21,0.0529
2019-01-22,0.0301
2019-01-23,0
2019-01-24,0.0358
2019-01-25,0.0246
2019-01-26,0.1554
2019-01-27,0.4133
2019-01-28,0.1516
2019-01-29,0.0573
2019-01-30,0.0326
2019-01-31,0.0426
2019-02-01,0.0492
2019-02-02,0.0719
2019-02-03,0.2132
2019-02-04,0.0534
2019-02-05,0.1114
2019-02-06,0.054
2019-02-07,0.1008
2019-02-08,0.1774
2019-02-09,0.6379
2019-02-10,0.2942
2019-02-11,0.3112
2019-02-12,0.3803
2019-02-13,0.3286
2019-02-14,0.2308
2019-02-15,0.2571
2019-02-16,0.4342
2019-02-17,0.2356
2019-02-18,0.1218
2019-02-19,0.0849
2019-02-20,0.1373
2019-02-21,0.0954
2019-02-22,0.088
2019-02-23,0.1363
2019-02-24,0.1756
2019-02-25,0.0755
2019-02-26,0.1266
2019-02-27,0.1128
2019-02-28,0.0632
2019-03-01,0.0442
2019-03-02,0.1064
2019-03-03,0.1425
2019-03-04,0.0624
2019-03-05,0.0919
2019-03-06,0.078
2019-03-07,0.1433
2019-03-08,0.1983
2019-03-09,0.6118
2019-03-10,0.6202
2019-03-11,0.944
2019-03-12,0.5406
2019-03-13,0.7429
2019-03-14,0.2008
2019-03-15,0.4573
2019-03-16,0.7308
2019-03-17,0.363
2019-03-18,0.168
2019-03-19,0.272
2019-03-20,0.1616
2019-03-21,0.2121
2019-03-22,0.1475
2019-03-23,0.2272
2019-03-24,0.3308
2019-03-25,0.1491
2019-03-26,0.619
2019-03-27,0.0319
2019-03-28,0.1025
2019-03-29,0.2605
2019-03-30,0.9704
2019-03-31,0.5378
2019-04-01,0.2913
2019-04-02,0.2444
2019-04-03,0.1102
2019-04-04,0.1906
2019-04-05,0.2864
2019-04-06,0.391
2019-04-07,0.2466
2019-04-08,0.1373
2019-04-09,0.2719
2019-04-10,0.287
2019-04-11,0.4495
2019-04-12,0.275
2019-04-13,0.1249
2019-04-14,0.3793
2019-04-15,0.1373
2019-04-16,0.3289
2019-04-17,0.1918
2019-04-18,0.1572
2019-04-19,0.399
2019-04-20,0.5838
2019-04-21,0.5398
2019-04-22,0.3554
2019-04-23,0.2554
2019-04-24,0.2763
2019-04-25,0.2553
2019-04-26,0.2756
2019-04-27,0.3493
2019-04-28,0.1698
2019-04-29,0.1702
2019-04-30,0.1752
2019-05-01,0.0794
2019-05-02,0.2267
2019-05-03,0.2573
2019-05-04,0.1835
2019-05-05,0.2133
2019-05-06,0.1022
2019-05-07,0.1456
2019-05-08,0.0946
2019-05-09,0.0389
2019-05-10,0.1948
2019-05-11,0.0738
2019-05-12,0.1656
2019-05-13,0.0527
2019-05-14,0.0876
2019-05-15,0.0803
2019-05-16,0.1649
2019-05-17,0.1977
2019-05-18,0.179
2019-05-19,0.116
2019-05-20,0.2027
2019-05-21,0.0602
2019-05-22,0.079
2019-05-23,0.1539
2019-05-24,0.1762
2019-05-25,0.5235
2019-05-26,0.3659
2019-05-27,0.1832
2019-05-28,0.6961
2019-05-29,0.4842
2019-05-30,0.1864
2019-05-31,0.1185
2019-06-01,0.376
2019-06-02,1.3237
2019-06-03,0.4821
2019-06-04,0.1519
2019-06-05,0.1014
2019-06-06,0.2237
2019-06-07,0.0974
2019-06-08,0.0944
2019-06-09,0.1305
2019-06-10,0.1202
2019-06-11,0.0398
2019-06-12,0.0848
2019-06-13,0.0598
2019-06-14,0.0741
2019-06-15,0.0706
2019-06-16,0.1581
2019-06-17,0.0958
2019-06-18,0.107
2019-06-19,0.1192
2019-06-20,0.046
2019-06-21,0.0423
2019-06-22,0.0318
2019-06-23,0.0763
2019-06-24,0.0555
2019-06-25,1.8351
2019-06-26,1.0023
2019-06-27,0.2744
2019-06-28,1.1134
2019-06-29,0.7807
2019-06-30,0.9566
2019-07-01,0.9295
2019-07-02,0.803
2019-07-03,0.5053
2019-07-04,0.4042
2019-07-05,0.653
2019-07-06,0.3304
2019-07-07,0.4776
2019-07-08,0.3243
2019-07-09,0.3608
2019-07-10,0.2121
2019-07-11,0.2123
2019-07-12,0.2427
2019-07-13,0.2229
2019-07-14,0.4291
2019-07-15,0.2641
2019-07-16,0.3009
2019-07-17,0.402
2019-07-18,0.4881
2019-07-19,0.7294
2019-07-20,0.6396
2019-07-21,0.2085
2019-07-22,0.2334
2019-07-23,0.1169
2019-07-24,0.1528
2019-07-25,0.3483
2019-07-26,0.2574
2019-07-27,0.1701
2019-07-28,0.1942
2019-07-29,0.2041
2019-07-30,0.2701
2019-07-31,0.2051
2019-08-01,0.2739
2019-08-02,0.3735
2019-08-03,0.3812
2019-08-04,0.1657
2019-08-05,0.3659
2019-08-06,0.3151
2019-08-07,0.1144
2019-08-08,0.2257
2019-08-09,0.3189
2019-08-10,0.209
2019-08-11,0.2998
2019-08-12,0.1194
2019-08-13,0.4778
2019-08-14,0.1384
2019-08-15,0.1839
2019-08-16,0.1822
2019-08-17,0.1996
2019-08-18,0.2837
2019-08-19,0.1901
2019-08-20,0.2757
2019-08-21,0.3694
2019-08-22,0.1534
2019-08-23,0.21
2019-08-24,0.4061
2019-08-25,0.1431
2019-08-26,0.2727
2019-08-27,0.06
2019-08-28,0.2019
2019-08-29,0.1308
2019-08-30,0.1665
2019-08-31,0.4171
2019-09-01,0.4143
2019-09-02,1.0704
2019-09-03,0.972
2019-09-04,0.5914
2019-09-05,0.6251
2019-09-06,0.2587
2019-09-07,0.6946
2019-09-08,0.3078
2019-09-09,0.3816
2019-09-10,0.2528
2019-09-11,0.3126
2019-09-12,0.3527
2019-09-13,0.3359
2019-09-14,0.4516
2019-09-15,1.0463
2019-09-16,0.3503
2019-09-17,0.1799
2019-09-18,0.3732
2019-09-19,0.3461
2019-09-20,0.4146
2019-09-21,0.7491
2019-09-22,0.5875
2019-09-23,0.4263
2019-09-24,0.3271
2019-09-25,0.7996
2019-09-26,0.6381
2019-09-27,0.6106
2019-09-28,0.4743
2019-09-29,0.6894
2019-09-30,0.3276
2019-10-01,0.5169
2019-10-02,0.6452
2019-10-03,0.2138
2019-10-04,0.8581
2019-10-05,0.7374
2019-10-06,0.5947
2019-10-07,0.3295
2019-10-08,0.4064
2019-10-09,0.4196
2019-10-10,0.4248
2019-10-11,0.892
2019-10-12,0.7096
2019-10-13,0.6026
2019-10-14,0.6629
2019-10-15,0.3694
2019-10-16,0.4311
2019-10-17,0.3704
2019-10-18,0.2787
2019-10-19,2.1334
2019-10-20,0.8536
2019-10-21,0.36
2019-10-22,0.6559
2019-10-23,0.2383
2019-10-24,0.3485
2019-10-25,0.3747
2019-10-26,0.417
2019-10-27,0.3362
2019-10-28,0.2569
2019-10-29,0.3288
2019-10-30,0.2658
2019-10-31,0.5418
2019-11-01,0.9192
2019-11-02,0.698
2019-11-03,0.3198
2019-11-04,0.3023
2019-11-05,0.3379
2019-11-06,0.4066
2019-11-07,0.3593
2019-11-08,0.251
2019-11-09,0.4019
2019-11-10,0.3428
2019-11-11,0.2003
2019-11-12,0.3151
2019-11-13,0.3744
2019-11-14,0.1552
2019-11-15,0.2535
2019-11-16,0.2204
2019-11-17,0.0014
2019-11-18,0
2019-11-19,0
2019-11-20,0
2019-11-21,0
2019-11-22,0.0007
2019-11-23,0.0373
2019-11-24,0.8721
2019-11-25,0.3326
2019-11-26,0.6366
2019-11-27,0.5131
2019-11-28,0.389
2019-11-29,1.1805
2019-11-30,0.7377
2019-12-01,0.4133
2019-12-02,0.3052
2019-12-03,0.2671
2019-12-04,0.3153
2019-12-05,0.147
2019-12-06,0.2914
2019-12-07,0.4829
2019-12-08,0.3976
2019-12-09,0.2757
2019-12-10,0.3069
2019-12-11,0.2603
2019-12-12,0.3397
2019-12-13,0.3797
2019-12-14,0.5994
2019-12-15,0.5874
2019-12-16,0.3944
2019-12-17,0.4578
2019-12-18,0.6592
2019-12-19,0.7386
2019-12-20,0.8427
2019-12-21,0.6576
2019-12-22,0.4957
2019-12-23,0.7819
2019-12-24,0.5595
2019-12-25,0.3843
2019-12-26,0.4272
2019-12-27,0.5221
2019-12-28,0.7237
2019-12-29,1.0618
2019-12-30,0.8775
2019-12-31,0.4758
2020-01-01,0.8876
2020-01-02,3.6591
2020-01-03,1.7316
2020-01-04,1.616
2020-01-05,0.7475
2020-01-06,0.7507
2020-01-07,0.6102
2020-01-08,0.5577
2020-01-09,0.7008
2020-01-10,0.2478
2020-01-11,0.5089
2020-01-12,0.6024
2020-01-13,0.4683
2020-01-14,0.3669
2020-01-15,0.4599
2020-01-16,0.3242
2020-01-17,0.5479
2020-01-18,0.9264
2020-01-19,0.8429
2020-01-20,0.3019
2020-01-21,0.2983
2020-01-22,0.2215
2020-01-23,0.3113
2020-01-24,0.5264
2020-01-25,0.6499
2020-01-26,0.4325
2020-01-27,0.5023
2020-01-28,0.3196
2020-01-29,0.1867
2020-01-30,0.3098
2020-01-31,0.2961
2020-02-01,0.3837
2020-02-02,0.3755
2020-02-03,0.176
2020-02-04,0.4215
2020-02-05,0.2975
2020-02-06,0.3383
2020-02-07,0.1479
2020-02-08,0.7278
2020-02-09,0.4622
2020-02-10,0.2787
2020-02-11,0.1824
2020-02-12,0.2712
2020-02-13,0.2097
2020-02-14,0.1766
2020-02-15,0.7229
2020-02-16,0.3972
2020-02-17,0.4217
2020-02-18,0.2009
2020-02-19,0.1351
2020-02-20,0.4889
2020-02-21,0.2275
2020-02-22,0.362
2020-02-23,0.7497
2020-02-24,0.4332
2020-02-25,0.7882
2020-02-26,0.4588
2020-02-27,0.7306
2020-02-28,0.5642
2020-02-29,0.4564
2020-03-01,0.5614
2020-03-02,0.455
2020-03-03,0.2834
2020-03-04,0.7653
2020-03-05,0.3424
2020-03-06,0.674
2020-03-07,2.5531
2020-03-08,0.6611
2020-03-09,0.74
2020-03-10,0.3666
2020-03-11,0.5077
2020-03-12,0.367
2020-03-13,1.1819
2020-03-14,0.8297
2020-03-15,0.96
2020-03-16,1.0381
2020-03-17,0.5944
2020-03-18,0.875
2020-03-19,0.8636
2020-03-20,0.8336
2020-03-21,0.7972
2020-03-22,1.4118
2020-03-23,0.3767
2020-03-24,0.4632
2020-03-25,0.4975
2020-03-26,0.6649
2020-03-27,0.7381
2020-03-28,0.483
2020-03-29,0.6865
2020-03-30,0.9029
2020-03-31,0.8986
2020-04-01,1.3189
2020-04-02,1.1103
2020-04-03,2.0293
2020-04-04,1.9929
2020-04-05,1.7742
2020-04-06,1.1689
2020-04-07,1.365
2020-04-08,1.1349
2020-04-09,0.9632
2020-04-10,1.4005
2020-04-11,1.5309
2020-04-12,1.4236
2020-04-13,0.8431
2020-04-14,1.551
2020-04-15,0.8852
2020-04-16,0.965
2020-04-17,0.8039
2020-04-18,1.2049
2020-04-19,1.0704
2020-04-20,0.9184
2020-04-21,0.8301
2020-04-22,0.8535
2020-04-23,0.8205
2020-04-24,0.7612
2020-04-25,1.4801
2020-04-26,1.4856
2020-04-27,0.6914
2020-04-28,0.9941
2020-04-29,1.3062
2020-04-30,0.9655
2020-05-01,1.1269
2020-05-02,1.1224
2020-05-03,0.9001
2020-05-04,1.0734
2020-05-05,0.4569
2020-05-06,1.4588
2020-05-07,1.2462
2020-05-08,0.4399
2020-05-09,0.7615
2020-05-10,1.1171
2020-05-11,0.5939
2020-05-12,0.3981
2020-05-13,0.4776
2020-05-14,0.2805
2020-05-15,0.777
2020-05-16,0.9561
2020-05-17,0.7957
2020-05-18,0.4275
2020-05-19,0.9458
2020-05-20,0.6671
2020-05-21,0.77
2020-05-22,2.1173
2020-05-23,1.0729
2020-05-24,0.726
2020-05-25,0.8662
2020-05-26,0.6534
2020-05-27,0.4624
2020-05-28,0.8761
2020-05-29,1.2209
2020-05-30,1.3439
2020-05-31,0.7036
2020-06-01,0.7956
2020-06-02,0.7967
2020-06-03,0.7366
2020-06-04,0.6974
2020-06-05,0.6232
2020-06-06,0.4706
2020-06-07,0.5416
2020-06-08,0.697
2020-06-09,0.6846
2020-06-10,0.5116
2020-06-11,3.3799
2020-06-12,1.5868
2020-06-13,1.0281
2020-06-14,0.6732
2020-06-15,1.121
2020-06-16,1.1636
2020-06-17,0.9364
2020-06-18,0.6467
2020-06-19,0.9719
2020-06-20,0.5105
2020-06-21,0.6557
2020-06-22,0.4861
2020-06-23,0.4277
2020-06-24,0.5222
2020-06-25,0.5799
2020-06-26,0.5917
2020-06-27,0.7122
2020-06-28,0.9458
2020-06-29,0.6941
2020-06-30,0.5516
2020-07-01,0.6007
2020-07-02,0.4819
2020-07-03,0.7263
2020-07-04,0.4634
2020-07-05,0.6573
2020-07-06,0.3745
2020-07-07,0.1831
2020-07-08,0.5737
2020-07-09,0.3672
2020-07-10,3.7105
2020-07-11,1.1194
2020-07-12,1.1205
2020-07-13,0.8676
2020-07-14,0.5852
2020-07-15,0.4637
2020-07-16,0.6654
2020-07-17,0.5109
2020-07-18,0.3778
2020-07-19,0.4705
2020-07-20,0.5741
2020-07-21,0.5138
2020-07-22,0.3843
2020-07-23,0.8654
2020-07-24,0.5431
2020-07-25,0.7798
2020-07-26,0.7223
2020-07-27,0.9296
2020-07-28,0.7792
2020-07-29,0.5437
2020-07-30,11.288
2020-07-31,10.6759
2020-08-01,3.8965
2020-08-02,4.579
2020-08-03,3.3935
2020-08-04,1.8682
2020-08-05,3.0477
2020-08-06,2.2854
2020-08-07,2.6232
2020-08-08,3.7267
2020-08-09,2.5942
2020-08-10,2.6712
2020-08-11,3.6061
2020-08-12,3.3193
2020-08-13,2.1602
2020-08-14,1.9354
2020-08-15,2.3293
2020-08-16,2.2088
2020-08-17,1.822
2020-08-18,1.3381
2020-08-19,1.8011
2020-08-20,1.9651
2020-08-21,3.2352
2020-08-22,2.7151
2020-08-23,1.888
2020-08-24,2.2893
2020-08-25,2.6728
2020-08-26,2.1633
2020-08-27,2.1073
2020-08-28,1.4848
2020-08-29,2.3108
2020-08-30,2.6339
2020-08-31,2.8063
2020-09-01,1.5194
2020-09-02,1.6509
2020-09-03,1.6985
2020-09-04,2.3216
2020-09-05,2.2209
2020-09-06,2.1857
2020-09-07,1.8644
2020-09-08,1.5892
2020-09-09,1.7805
2020-09-10,2.151
2020-09-11,1.9829
2020-09-12,1.7169
2020-09-13,1.8071
2020-09-14,1.9687
2020-09-15,1.3062
2020-09-16,1.1048
2020-09-17,1.3222
2020-09-18,1.4214
2020-09-19,2.0306
2020-09-20,1.9232
2020-09-21,1.7285
2020-09-22,2.0013
2020-09-23,1.9944
2020-09-24,2.145
2020-09-25,1.7612
2020-09-26,2.2359
2020-09-27,2.8837
2020-09-28,2.7672
2020-09-29,2.6717
2020-09-30,2.2978
2020-10-01,1.6861
2020-10-02,2.2959
2020-10-03,2.1907
2020-10-04,1.9327
2020-10-05,2.2253
2020-10-06,1.5119
2020-10-07,2.3474
2020-10-08,1.0039
2020-10-09,1.7435
2020-10-10,3.3773
2020-10-11,2.1619
2020-10-12,1.3817
2020-10-13,1.9885
2020-10-14,1.6176
2020-10-15,1.2195
2020-10-16,0.982
2020-10-17,1.2904
2020-10-18,1.177
2020-10-19,1.1828
2020-10-20,1.0009
2020-10-21,0.8997
2020-10-22,0.9527
2020-10-23,1.5801
2020-10-24,1.345
2020-10-25,1.3212
2020-10-26,1.0961
2020-10-27,0.8849
2020-10-28,1.3922
2020-10-29,1.0823
2020-10-30,0.8615
2020-10-31,0.8516
2020-11-01,0.9815
2020-11-02,1.2805
2020-11-03,1.1222
2020-11-04,1.1311
2020-11-05,1.3813
2020-11-06,1.5938
2020-11-07,1.3818
2020-11-08,0.9222
2020-11-09,5.3464
2020-11-10,1.4241
2020-11-11,1.4753
2020-11-12,0.9354
2020-11-13,0.7057
2020-11-14,1.4786
2020-11-15,5.4198
2020-11-16,2.7626
2020-11-17,1.7033
2020-11-18,1.932
2020-11-19,2.0024
2020-11-20,1.2402
2020-11-21,1.3141
2020-11-22,1.3085
2020-11-23,1.3269
2020-11-24,1.6607
2020-11-25,1.3334
2020-11-26,1.3513
2020-11-27,1.5996
2020-11-28,1.4677
2020-11-29,1.3016
2020-11-30,1.3488
2020-12-01,0.835
2020-12-02,1.1618
2020-12-03,1.0878
2020-12-04,1.1346
2020-12-05,1.1254
2020-12-06,1.3913
2020-12-07,1.0215
2020-12-08,0.9724
2020-12-09,0.8888
2020-12-10,1.5792
2020-12-11,1.1635
2020-12-12,0.6706
2020-12-13,1.021
2020-12-14,1.2422
2020-12-15,0.9934
2020-12-16,1.8897
2020-12-17,4.7057
2020-12-18,2.7452
2020-12-19,2.2233
2020-12-20,1.8365
2020-12-21,1.7432
2020-12-22,1.6009
2020-12-23,1.4328
2020-12-24,0.9428
2020-12-25,1.6205
2020-12-26,0.9052
2020-12-27,1.4585
2020-12-28,1.6027
2020-12-29,1.2207
2020-12-30,1.749
2020-12-31,3.5755
2021-01-01,2.6459
2021-01-02,1.6665
2021-01-03,1.2279
2021-01-04,1.458
2021-01-05,1.1173
2021-01-06,1.3527
2021-01-07,1.2018
2021-01-08,1.4045
2021-01-09,0.7591
2021-01-10,1.1983
2021-01-11,1.28
2021-01-12,1.5664
2021-01-13,0.9321
2021-01-14,1.1844
2021-01-15,0.805
2021-01-16,1.4111
2021-01-17,1.5139
2021-01-18,0.9169
2021-01-19,1.1161
2021-01-20,1.4447
2021-01-21,1.2764
2021-01-22,1.4518
2021-01-23,1.1265
2021-01-24,1.0104
2021-01-25,1.4375
2021-01-26,0.7256
2021-01-27,0.7181
2021-01-28,0.5547
2021-01-29,0.6696
2021-01-30,0.8035
2021-01-31,0.9292
2021-02-01,0.9026
2021-02-02,0.6029
2021-02-03,1.0866
2021-02-04,0.5719
2021-02-05,0.4904
2021-02-06,0.6304
2021-02-07,0.5581
2021-02-08,0.2489
2021-02-09,0.2578
2021-02-10,0.6621
2021-02-11,0.782
2021-02-12,0.7452
2021-02-13,0.617
2021-02-14,0.4409
2021-02-15,0.4503
2021-02-16,0.5242
2021-02-17,0.5583
2021-02-18,1.199
2021-02-19,1.1309
2021-02-20,0.6422
2021-02-21,0.4546
2021-02-22,0.5639
2021-02-23,0.3827
2021-02-24,0.4288
2021-02-25,0.7894
2021-02-26,2.2818
2021-02-27,1.2344
2021-02-28,0.7694
2021-03-01,0.6329
2021-03-02,0.7929
2021-03-03,0.3702
2021-03-04,0.7752
2021-03-05,0.685
2021-03-06,0.4063
2021-03-07,0.7119
2021-03-08,0.4014
2021-03-09,0.4131
2021-03-10,0.384
2021-03-11,0.3594
2021-03-12,0.2988
2021-03-13,0.5131
2021-03-14,0.4236
2021-03-15,0.607
2021-03-16,0.784
2021-03-17,0.2289
2021-03-18,0.1699
2021-03-19,0.5554
2021-03-20,0.7073
2021-03-21,0.6335
2021-03-22,0.9664
2021-03-23,0.5097
2021-03-24,0.543
2021-03-25,0.5608
2021-03-26,0.7047
2021-03-27,0.9698
2021-03-28,0.943
2021-03-29,0.6448
2021-03-30,1.0107
2021-03-31,0.7644
2021-04-01,0.7363
2021-04-02,1.1643
2021-04-03,1.1414
2021-04-04,0.6879
2021-04-05,0.5267
2021-04-06,0.363
2021-04-07,0.5178
2021-04-08,0.5853
2021-04-09,0.7352
2021-04-10,0.6766
2021-04-11,0.6341
2021-04-12,0.4785
2021-04-13,0.6734
2021-04-14,0.4281
2021-04-15,0.3126
2021-04-16,7.2983
2021-04-17,2.8649
2021-04-18,0.8953
2021-04-19,0.5879
2021-04-20,0.6481
2021-04-21,0.6721
2021-04-22,0.3497
2021-04-23,0.301
2021-04-24,0.5852
2021-04-25,0.3798
2021-04-26,0.4692
2021-04-27,1.1407
2021-04-28,0.5196
2021-04-29,0.4184
2021-04-30,0.2452
2021-05-01,0.5366
2021-05-02,0.5708
2021-05-03,0.6455
2021-05-04,0.5276
2021-05-05,0.5389
2021-05-06,0.3453
2021-05-07,0.4702
2021-05-08,0.3916
2021-05-09,0.4953
2021-05-10,0.3537
2021-05-11,0.4374
2021-05-12,0.8112
2021-05-13,0.3994
2021-05-14,0.364
2021-05-15,0.6884
2021-05-16,0.2034
2021-05-17,0.3981
2021-05-18,0.2105
2021-05-19,0.4809
2021-05-20,0.5648
2021-05-21,0.427
2021-05-22,0.6243
2021-05-23,0.5085
2021-05-24,0.4974
2021-05-25,0.6606
2021-05-26,0.5008
2021-05-27,0.2647
2021-05-28,0.4461
2021-05-29,0.2184
2021-05-30,1.098
2021-05-31,0.3755
2021-06-01,0.2597
2021-06-02,0.5926
2021-06-03,0.4273
2021-06-04,0.8102
2021-06-05,0.3893
2021-06-06,0.2147
2021-06-07,0.3258
2021-06-08,0.3316
2021-06-09,0.4747
2021-06-10,0.1043
2021-06-11,0.2339
2021-06-12,0.6149
2021-06-13,0.418
2021-06-14,0.6098
2021-06-15,0.3676
2021-06-16,0.5843
2021-06-17,0.2155
2021-06-18,0.2389
2021-06-19,0.388
2021-06-20,0.1434
2021-06-21,0.3776
2021-06-22,0.5097
2021-06-23,0.5274
2021-06-24,0.4051
2021-06-25,0.2379
2021-06-26,0.7294
2021-06-27,0.6084
2021-06-28,0.5344
2021-06-29,0.9183
2021-06-30,0.5349
2021-07-01,0.156
2021-07-02,0.285
2021-07-03,0.6564
2021-07-04,0.8873
2021-07-05,0.3202
2021-07-06,0.263
2021-07-07,0.376
2021-07-08,0.9566
2021-07-09,4.4043
2021-07-10,1.1039
2021-07-11,0.5513
2021-07-12,0.8066
2021-07-13,1.0519
2021-07-14,0.608
2021-07-15,0.6007
2021-07-16,0.6494
2021-07-17,0.4712
2021-07-18,0.7154
2021-07-19,0.5871
2021-07-20,0.396
2021-07-21,0.4797
2021-07-22,0.7079
2021-07-23,0.3375
2021-07-24,0.4722
2021-07-25,0.6275
2021-07-26,0.2992
2021-07-27,0.3337
2021-07-28,0.1817
2021-07-29,0.4542
2021-07-30,0.5837
2021-07-31,0.0849
2021-08-01,0.3899
2021-08-02,0.3129
2021-08-03,0.6071
2021-08-04,0.2679
2021-08-05,0.2193
2021-08-06,0.4962
2021-08-07,0.2911
2021-08-08,0.6732
2021-08-09,0.2554
2021-08-10,0.1686
2021-08-11,0.1623
2021-08-12,0.3403
2021-08-13,0.5078
2021-08-14,0.5165
2021-08-15,0.698
2021-08-16,0.3088
2021-08-17,1.1698
2021-08-18,0.1221
2021-08-19,0.1884
2021-08-20,0.2214
2021-08-21,0.6105
2021-08-22,0.1761
2021-08-23,0.2781
2021-08-24,0.5771
2021-08-25,0.2581
2021-08-26,0.4093
2021-08-27,0.178
2021-08-28,0.348
2021-08-29,0.2595
2021-08-30,0.4999
2021-08-31,0.2208
2021-09-01,0.1597
2021-09-02,0.3021
2021-09-03,0.1269
2021-09-04,0.1824
2021-09-05,0.2714
2021-09-06,0.4471
2021-09-07,0.4563
2021-09-08,0.1036
2021-09-09,0.2019
2021-09-10,0.3099
2021-09-11,0.4611
2021-09-12,0.0883
2021-09-13,0.2671
2021-09-14,0.3033
2021-09-15,0.1909
2021-09-16,0.1028
2021-09-17,0.1217
2021-09-18,0.2897
2021-09-19,0.553
2021-09-20,0.397
2021-09-21,0.0532
2021-09-22,0.4043
2021-09-23,0.2069
2021-09-24,0.2441
2021-09-25,0.3255
2021-09-26,0.3628
2021-09-27,0.2374
2021-09-28,0.13
2021-09-29,0.1721
2021-09-30,0.254
2021-10-01,0.6751
2021-10-02,0.6216
2021-10-03,0.7879
2021-10-04,0.1651
2021-10-05,0.2805
2021-10-06,0.2512
2021-10-07,0.3154
2021-10-08,0.3932
2021-10-09,0.4847
2021-10-10,0.1586
2021-10-11,0.0716
2021-10-12,0.1775
2021-10-13,0.33
2021-10-14,0.1904
2021-10-15,0.0716
2021-10-16,0.2267
2021-10-17,0.1726
2021-10-18,0.1902
2021-10-19,0.3975
2021-10-20,0.3949
2021-10-21,0.0374
2021-10-22,0.1721
2021-10-23,0.1964
2021-10-24,0.3155
2021-10-25,0.4292
2021-10-26,0.3782
2021-10-27,0.223
2021-10-28,0.4557
2021-10-29,0.5118
2021-10-30,0.3598
2021-10-31,0.1104
2021-11-01,0.1366
2021-11-02,0.045
2021-11-03,0.3213
2021-11-04,0.2943
2021-11-05,0.2627
2021-11-06,0.1746
2021-11-07,0.3548
2021-11-08,0.0917
2021-11-09,0.1534
2021-11-10,0.1814
2021-11-11,0.1084
2021-11-12,0.2238
2021-11-13,0.1203
2021-11-14,0.2115
2021-11-15,0.124
2021-11-16,0.1429
2021-11-17,0.0701
2021-11-18,0.3349
2021-11-19,0.1791
2021-11-20,0.4488
2021-11-21,0.5899
2021-11-22,0.1936
2021-11-23,0.1027
2021-11-24,0.1627
2021-11-25,0.1237
2021-11-26,0.3198
2021-11-27,0.4029
2021-11-28,0.365
2021-11-29,0.1135
2021-11-30,0.1947
2021-12-01,0.2977
2021-12-02,0.446
2021-12-03,0.3011
2021-12-04,0.405
2021-12-05,0.4798
2021-12-06,0.1265
2021-12-07,0.4326
2021-12-08,0.562
2021-12-09,0.2566
2021-12-10,0.2001
2021-12-11,0.3343
2021-12-12,0.2586
2021-12-13,0.1098
2021-12-14,0.2147
2021-12-15,0.3303
2021-12-16,0.2457
2021-12-17,0.1298
2021-12-18,0.2458
2021-12-19,0.3231
2021-12-20,0.3297
2021-12-21,0.6234
2021-12-22,0.2976
2021-12-23,0.541
2021-12-24,0.2675
2021-12-25,0.2361
2021-12-26,0.2414
2021-12-27,0.2265
2021-12-28,0.2572
2021-12-29,0.1369
2021-12-30,0.4508
2021-12-31,0.2465
2022-01-01,0.4024
2022-01-02,0.7711
2022-01-03,0.5453
2022-01-04,0.5847
2022-01-05,0.6115
2022-01-06,0.1309
2022-01-07,0.5247
2022-01-08,0.4276
2022-01-09,0.7352
2022-01-10,2.221
2022-01-11,0.8826
2022-01-12,0.141
2022-01-13,0.2712
2022-01-14,0.3103
2022-01-15,0.3615
2022-01-16,0.1838
2022-01-17,0.1868
2022-01-18,0.3168
2022-01-19,0.3291
2022-01-20,0.32
2022-01-21,0.4938
2022-01-22,0.1971
2022-01-23,0.2183
2022-01-24,0.1822
2022-01-25,0.2974
2022-01-26,0.1308
2022-01-27,0.1981
2022-01-28,0.1617
2022-01-29,0.3945
2022-01-30,0.3676
2022-01-31,0.1803
2022-02-01,0.17
2022-02-02,0.1556
2022-02-03,0.1604
2022-02-04,0.3406
2022-02-05,0.1829
2022-02-06,0.3343
2022-02-07,0.114
2022-02-08,0.3445
2022-02-09,0.2251
2022-02-10,0.5602
2022-02-11,0.2077
2022-02-12,0.2651
2022-02-13,0.2146
2022-02-14,0.0956
2022-02-15,0.331
2022-02-16,0.0549
2022-02-17,0.0316
2022-02-18,0.1661
2022-02-19,0.3807
2022-02-20,0.4373
2022-02-21,0.1278
2022-02-22,0.024
2022-02-23,0.0659
2022-02-24,0.1804
2022-02-25,0.3694
2022-02-26,0.5216
2022-02-27,0.4301
2022-02-28,0.2521
2022-03-01,0.2064
2022-03-02,0.3228
2022-03-03,0.1967
2022-03-04,0.2173
2022-03-05,0.1654
2022-03-06,0.0353
2022-03-07,0.1165
2022-03-08,0.1896
2022-03-09,0.1069
2022-03-10,0.1475
2022-03-11,0.2235
2022-03-12,0.36
2022-03-13,0.3307
2022-03-14,0.2525
2022-03-15,0.3398
2022-03-16,0.284
2022-03-17,0.0579
2022-03-18,0.1543
2022-03-19,0.2013
2022-03-20,0.1823
2022-03-21,0.2362
2022-03-22,0.3423
2022-03-23,0.1842
2022-03-24,0.2805
2022-03-25,0.1304
2022-03-26,0.1137
2022-03-27,0.5111
2022-03-28,0.3989
2022-03-29,0.4288
2022-03-30,0.1134
2022-03-31,0.2635
2022-04-01,0.1943
2022-04-02,3.3845
2022-04-03,1.2151
2022-04-04,0.467
2022-04-05,0.4649
2022-04-06,0.2168
2022-04-07,0.3709
2022-04-08,0.2884
2022-04-09,0.2235
2022-04-10,0.2812
2022-04-11,0.0894
2022-04-12,0.1133
2022-04-13,0.1169
2022-04-14,0.2357
2022-04-15,0.1943
2022-04-16,0.3585
2022-04-17,0.1504
2022-04-18,0.4122
2022-04-19,0.339
2022-04-20,0.1678
2022-04-21,0.3397
2022-04-22,0.8468
2022-04-23,0.2137
2022-04-24,0.2407
2022-04-25,0.1921
2022-04-26,0.2304
2022-04-27,0.1789
2022-04-28,0.2292
2022-04-29,0.0878
2022-04-30,0.3058
2022-05-01,0.2322
2022-05-02,0.2484
2022-05-03,0.3053
2022-05-04,0.218
2022-05-05,0.4464
2022-05-06,0.4118
2022-05-07,0.1302
2022-05-08,0.4708
2022-05-09,0.1763
2022-05-10,0.0754
2022-05-11,0.2759
2022-05-12,0.0575
2022-05-13,0.2071
2022-05-14,0.3182
2022-05-15,0.2864
2022-05-16,0.3154
2022-05-17,0.0893
2022-05-18,0.04
2022-05-19,0.3907
2022-05-20,0.2131
2022-05-21,0.2095
2022-05-22,0.0994
2022-05-23,0.5772
2022-05-24,0.0335
2022-05-25,0.0056
2022-05-26,0.0799
2022-05-27,0.2539
2022-05-28,0.2198
2022-05-29,0.2725
2022-05-30,0.3141
2022-05-31,0.2605
2022-06-01,0.1792
2022-06-02,0.1501
2022-06-03,0.2807
2022-06-04,0.0793
2022-06-05,0.2376
2022-06-06,0.1154
2022-06-07,0.2478
2022-06-08,0.6459
2022-06-09,0.372
2022-06-10,0.1233
2022-06-11,0.3704
2022-06-12,0.2459
2022-06-13,0.1712
2022-06-14,0.2409
2022-06-15,0.1356
2022-06-16,0.2125
2022-06-17,0.2889
2022-06-18,0.4706
2022-06-19,0.3099
2022-06-20,0.1739
2022-06-21,0.1112
2022-06-22,0.1501
2022-06-23,0.1151
2022-06-24,0.7911
2022-06-25,0.2383
2022-06-26,0.2114
2022-06-27,0.4927
2022-06-28,0.5441
2022-06-29,0.1493
2022-06-30,0.0309
2022-07-01,0.1873
2022-07-02,0.2486
2022-07-03,0.1261
2022-07-04,0.0878
2022-07-05,0.1062
2022-07-06,0.0763
2022-07-07,0.1128
2022-07-08,0.1421
2022-07-09,0.1479
2022-07-10,0.0441
2022-07-11,0.4261
2022-07-12,0.0918
2022-07-13,0.0677
2022-07-14,0.0931
2022-07-15,0.0354
2022-07-16,0.1361
2022-07-17,0.0525
2022-07-18,0.0566
2022-07-19,0.1719
2022-07-20,0.353
2022-07-21,0.0589
2022-07-22,0.0709
2022-07-23,0.3462
2022-07-24,0.4723
2022-07-25,0.2295
2022-07-26,0.4493
2022-07-27,0.2352
2022-07-28,0.1253
2022-07-29,0.1015
2022-07-30,0.5063
2022-07-31,0.209
2022-08-01,0.4132
2022-08-02,0.2073
2022-08-03,0.2215
2022-08-04,0.0979
2022-08-05,0.0602
2022-08-06,0.1477
2022-08-07,0.2421
2022-08-08,0.0663
2022-08-09,0.1663
2022-08-10,0.2424
2022-08-11,0.1422
2022-08-12,0.0767
2022-08-13,0.0105
2022-08-14,0.183
2022-08-15,0.1818
2022-08-16,0.1195
2022-08-17,0.0943
2022-08-18,0.2944
2022-08-19,0.3326
2022-08-20,0.2705
2022-08-21,0.0508
2022-08-22,0.0746
2022-08-23,0.2482
2022-08-24,0.0708
2022-08-25,0.0333
2022-08-26,0.1998
2022-08-27,0.2197
2022-08-28,0.0866
2022-08-29,0.1972
2022-08-30,0.1962
2022-08-31,0.5275
2022-09-01,0.1622
2022-09-02,0.0954
2022-09-03,0.2426
2022-09-04,0.2943
2022-09-05,0.2229
2022-09-06,0.1416
2022-09-07,0.1884
2022-09-08,0.0373
2022-09-09,0.1017
2022-09-10,0.1142
2022-09-11,0.3215
2022-09-12,0.0989
2022-09-13,0.1716
2022-09-14,0.0453
2022-09-15,0.157
2022-09-16,0.1351
2022-09-17,0.1573
2022-09-18,0.0558
2022-09-19,0.1633
2022-09-20,0.099
2022-09-21,0.0507
2022-09-22,0.0953
2022-09-23,0.472
2022-09-24,0.5366
2022-09-25,0.2586
2022-09-26,0.1558
2022-09-27,0.0966
2022-09-28,0.0595
2022-09-29,0.0074
2022-09-30,0.0608
2022-10-01,0.1987
2022-10-02,0.2217
2022-10-03,0.217
2022-10-04,0.1683
2022-10-05,0.2925
2022-10-06,0.2167
2022-10-07,0.1952
2022-10-08,0.3658
2022-10-09,0.0114
2022-10-10,0.002
2022-10-11,0.4117
2022-10-12,0.0807
2022-10-13,0.4862
2022-10-14,0.0934
2022-10-15,0.3023
2022-10-16,0.1603
2022-10-17,0.0602
2022-10-18,0.064
2022-10-19,0.5567
2022-10-20,0.2306
2022-10-21,0.0718
2022-10-22,0.297
2022-10-23,0.4143
2022-10-24,0.4238
2022-10-25,0.1755
2022-10-26,0.534
2022-10-27,0.4743
2022-10-28,0.3443
2022-10-29,0.0928
2022-10-30,0.0517
2022-10-31,0.1827
2022-11-01,0.0976
2022-11-02,0.5422
2022-11-03,0.0537
2022-11-04,0.2022
2022-11-05,0.2802
2022-11-06,0.1552
2022-11-07,0.0431
2022-11-08,0.1301
2022-11-09,0.1599
2022-11-10,0.0511
2022-11-11,0.1091
2022-11-12,0.1285
2022-11-13,0.1124
2022-11-14,0.2798
2022-11-15,0.122
2022-11-16,0.0413
2022-11-17,0.2761
2022-11-18,0.0328
2022-11-19,0.2682
2022-11-20,0.311
2022-11-21,0.2033
2022-11-22,0.1356
2022-11-23,0.0754
2022-11-24,0.0559
2022-11-25,0.1126
2022-11-26,0.2653
2022-11-27,0.1077
2022-11-28,0.1342
2022-11-29,0.1421
2022-11-30,0.3104
2022-12-01,0.1279
2022-12-02,0.0175
2022-12-03,0.2644
2022-12-04,0.1547
2022-12-05,0.1613
2022-12-06,0.1359
2022-12-07,0.1668
2022-12-08,0.1878
2022-12-09,0.4086
2022-12-10,0.3079
2022-12-11,0.0673
2022-12-12,0.1981
2022-12-13,0.1261
2022-12-14,0.1206
2022-12-15,0.4926
2022-12-16,0.2219
2022-12-17,0.7282
2022-12-18,1.153
2022-12-19,0.1773
2022-12-20,0.5418
2022-12-21,0.2375
2022-12-22,6.04
2022-12-23,1.82
2022-12-24,2.8378
2022-12-25,1.0665
2022-12-26,0.5511
2022-12-27,1.1898
2022-12-28,0.7857
2022-12-29,0.3657
2022-12-30,0.7137
2022-12-31,0.5449
2023-01-01,0.5531
2023-01-02,0.2545
2023-01-03,0.2093
2023-01-04,0.5062
2023-01-05,0.5452
2023-01-06,0.3842
2023-01-07,0.4952
2023-01-08,0.3355
2023-01-09,0.5935
2023-01-10,0.1041
2023-01-11,0.2787
2023-01-12,0.1562
2023-01-13,0.3961
2023-01-14,0.4389
2023-01-15,0.7306
2023-01-16,0.3865
2023-01-17,0.1766
2023-01-18,0.3251
2023-01-19,0.2609
2023-01-20,0.2724
2023-01-21,0.4049
2023-01-22,0.3156
2023-01-23,0.3037
2023-01-24,0.1962
2023-01-25,0.1396
2023-01-26,0.232
2023-01-27,0.1752
2023-01-28,0.2303
2023-01-29,0.576
2023-01-30,0.1799
2023-01-31,0.0747
2023-02-01,0.1047
2023-02-02,0.0828
2023-02-03,0.1356
2023-02-04,0.3098
2023-02-05,0.1049
2023-02-06,0.1527
2023-02-07,0.0005
2023-02-08,0.1705
2023-02-09,0.1707
2023-02-10,0.2589
2023-02-11,0.2403
2023-02-12,0.113
2023-02-13,0.2004
2023-02-14,0.299
2023-02-15,0.4255
2023-02-16,0.2961
2023-02-17,0.2556
2023-02-18,0.4472
2023-02-19,0.5372
2023-02-20,0.4478
2023-02-21,0.3401
2023-02-22,0.248
2023-02-23,0.3343
2023-02-24,0.2777
2023-02-25,0.3683
2023-02-26,0.3599
2023-02-27,0.1268
2023-02-28,0.0123
2023-03-01,0.1366
2023-03-02,0.1996
2023-03-03,0.1925
2023-03-04,0.3953
2023-03-05,0.6436
2023-03-06,0.3398
2023-03-07,0.2151
2023-03-08,0.3404
2023-03-09,0.1107
2023-03-10,0.0607
2023-03-11,0.3516
2023-03-12,0.2381
2023-03-13,0.4401
2023-03-14,0.2497
2023-03-15,0.92
2023-03-16,0.5629
2023-03-17,0.6546
2023-03-18,0.7523
2023-03-19,1.069
2023-03-20,0.4425
2023-03-21,0.1545
2023-03-22,0.338
2023-03-23,0.6183
2023-03-24,0.4814
2023-03-25,0.5037
2023-03-26,0.8951
2023-03-27,0.7452
2023-03-28,0.1282
2023-03-29,0.167
2023-03-30,0.2841
2023-03-31,0.27
2023-04-01,0.5192
2023-04-02,0.0746
2023-04-03,0.2645
2023-04-04,0.2225
2023-04-05,0.2146
2023-04-06,0.4233
2023-04-07,0.2504
2023-04-08,0.0941
2023-04-09,0.1766
2023-04-10,0.3335
2023-04-11,0.1928
2023-04-12,0.5529
2023-04-13,0.129
2023-04-14,0.5199
2023-04-15,0.3054
2023-04-16,0.2532
2023-04-17,0.0737
2023-04-18,0.0661
2023-04-19,0.1173
2023-04-20,0.1953
2023-04-21,0.1136
2023-04-22,0.1422
2023-04-23,0.1254
2023-04-24,0.0106
2023-04-25,0.0459
2023-04-26,0.1864
2023-04-27,0.13
2023-04-28,0.0818
2023-04-29,0.3658
2023-04-30,0.6825
2023-05-01,0.1155
2023-05-02,0.0206
2023-05-03,0.094
2023-05-04,0.0657
2023-05-05,0.0291
2023-05-06,0.0976
2023-05-07,0.2508
2023-05-08,0.0548
2023-05-09,0.3279
2023-05-10,0.2157
2023-05-11,0.0851
2023-05-12,0.0459
2023-05-13,0.0391
2023-05-14,0.0781
2023-05-15,0.4461
2023-05-16,0.0586
2023-05-17,0.2226
2023-05-18,0.5205
2023-05-19,0.0804
2023-05-20,0.1542
2023-05-21,0.2782
2023-05-22,0.2312
2023-05-23,0.0534
2023-05-24,0.125
2023-05-25,0.1941
2023-05-26,0.1026
2023-05-27,0.3869
2023-05-28,0.0765
2023-05-29,0.0282
2023-05-30,0.0902
2023-05-31,0.1142
2023-06-01,0.2008
2023-06-02,0.083
2023-06-03,0.3101
2023-06-04,0.1605
2023-06-05,0.0557
2023-06-06,0.0518
2023-06-07,0.289
2023-06-08,0.0348
2023-06-09,0.0242
2023-06-10,0.0749
2023-06-11,0.0337
2023-06-12,0.2043
2023-06-13,0.1432
2023-06-14,0.0109
2023-06-15,0.2272
2023-06-16,0.086
2023-06-17,0.31
2023-06-18,0.2355
2023-06-19,0.0077
2023-06-20,0.0608
2023-06-21,0.0829
2023-06-22,0.4815
2023-06-23,0.1384
2023-06-24,0.0611
2023-06-25,0.0268
2023-06-26,0.2246
2023-06-27,0.2107
2023-06-28,0.0005
2023-06-29,0.0094
2023-06-30,0.193
2023-07-01,0.149
2023-07-02,0.2453
2023-07-03,0.0976
2023-07-04,0.2131
2023-07-05,0.2773
2023-07-06,0.0798
2023-07-07,0.0756
2023-07-08,0.0651
2023-07-09,0.0452
2023-07-10,0.2256
2023-07-11,0.0172
2023-07-12,0.0975
2023-07-13,0.0021
2023-07-14,0.0634
2023-07-15,0.0549
2023-07-16,0.0301
2023-07-17,0.0796
2023-07-18,0.2816
2023-07-19,0.2652
2023-07-20,0.0919
2023-07-21,0.0264
2023-07-22,0.0415
2023-07-23,0.0019
2023-07-24,0.1896
2023-07-25,0.0593
2023-07-26,0.142
2023-07-27,0.1324
2023-07-28,0.9652
2023-07-29,0.0182
2023-07-30,0.0291
2023-07-31,0.1406
2023-08-01,0.2019
2023-08-02,0.0264
2023-08-03,0.034
2023-08-04,0.271
2023-08-05,0.0171
2023-08-06,0.434
2023-08-07,0.0741
2023-08-08,0.1088
2023-08-09,0.0408
2023-08-10,0.0432
2023-08-11,0.0337
2023-08-12,0.1632
2023-08-13,0.1433
2023-08-14,0.3137
2023-08-15,0.0782
2023-08-16,0.0331
2023-08-17,0.0136
2023-08-18,0.1121
2023-08-19,0.1435
2023-08-20,0.1014
2023-08-21,0.1574
2023-08-22,0.0785
2023-08-23,0.054
2023-08-24,0.1141
2023-08-25,0.0051
2023-08-26,0.091
2023-08-27,0.0903
2023-08-28,0.0224
2023-08-29,0.0343
2023-08-30,0.0646
2023-08-31,0.0648
2023-09-01,0.1758
2023-09-02,0.0878
2023-09-03,0.0342
2023-09-04,0.0225
2023-09-05,0.0552
2023-09-06,0.0381
2023-09-07,0.0184
2023-09-08,0.3402
2023-09-09,0.2937
2023-09-10,0.2402
2023-09-11,0.0204
2023-09-12,0.0361
2023-09-13,0.0442
2023-09-14,0.0839
2023-09-15,0.0694
2023-09-16,0.0517
2023-09-17,0.027
2023-09-18,0.0055
2023-09-19,0.0106
2023-09-20,0.1188
2023-09-21,0.0956
2023-09-22,0.1054
2023-09-23,0.1704
2023-09-24,0.0335
2023-09-25,0.0727
2023-09-26,0.0304
2023-09-27,0.0965
2023-09-28,0.0702
2023-09-29,0.0005
2023-09-30,0.1169
2023-10-01,0.0705
2023-10-02,0.1509
2023-10-03,0.0204
2023-10-04,0.0525
2023-10-05,0.0301
2023-10-06,0.0275
2023-10-07,0.0286
2023-10-08,0.0575
2023-10-09,0.0421
2023-10-10,0.459
2023-10-11,0.08
2023-10-12,0.2459
2023-10-13,0.0791
2023-10-14,0.1346
2023-10-15,0.0322
2023-10-16,0.0133
2023-10-17,0.0326
2023-10-18,0.0291
2023-10-19,0.0614
2023-10-20,0.0924
2023-10-21,0.0458
2023-10-22,0.0843
2023-10-23,0.1487
2023-10-24,0.0594
2023-10-25,0.0494
2023-10-26,0.04
2023-10-27,0.111
2023-10-28,0.0513
2023-10-29,0.087
2023-10-30,0.1901
2023-10-31,0
2023-11-01,0.0662
2023-11-02,0.1876
2023-11-03,0.0412
2023-11-04,0.0457
2023-11-05,0
2023-11-06,0.0222
2023-11-07,0.0618
2023-11-08,0.2461
2023-11-09,0.1665
2023-11-10,0.12
2023-11-11,0.0532
2023-11-12,0.4429
2023-11-13,0.1565
2023-11-14,0.0716
2023-11-15,0.1882
2023-11-16,0.0187
2023-11-17,0.1154
2023-11-18,0.1258
2023-11-19,0.0069
2023-11-20,0.1064
2023-11-21,0.2481
2023-11-22,0.1786
2023-11-23,0.0599
2023-11-24,0.0255
2023-11-25,0.0457
2023-11-26,0.0359
2023-11-27,0.0113
2023-11-28,0.1562
2023-11-29,0.2098
2023-11-30,0.0435
2023-12-01,0.085
2023-12-02,0.0623
2023-12-03,0.2229
2023-12-04,0.0201
2023-12-05,0.1004
2023-12-06,0.076
2023-12-07,0.0229
2023-12-08,0.1909
2023-12-09,0.0678
2023-12-10,0.0379
2023-12-11,0.0144
2023-12-12,0.0135
2023-12-13,0.0883
2023-12-14,0.0239
2023-12-15,0.1279
2023-12-16,0.2683
2023-12-17,0.214
2023-12-18,0.0896
2023-12-19,0.2897
2023-12-20,0.1203
2023-12-21,0.0415
2023-12-22,0.2111
2023-12-23,0.1885
2023-12-24,0.2119
2023-12-25,0.0381
2023-12-26,0.0693
2023-12-27,0.0954
2023-12-28,0.2174
2023-12-29,0.064
2023-12-30,0.2055
2023-12-31,0
2024-01-01,0.3192
2024-01-02,0.1812
2024-01-03,0.0289
2024-01-04,0.0649
2024-01-05,0.0155
2024-01-06,0.0796
2024-01-07,0.0778
2024-01-08,0.0296
2024-01-09,0.0056
2024-01-10,0.0116
2024-01-11,0.0367
2024-01-12,0.0739
2024-01-13,0.0144
2024-01-14,0.0025
2024-01-15,0.0452
2024-01-16,0.0854
2024-01-17,0.0058
2024-01-18,0.1374
2024-01-19,0.0034
2024-01-20,0.0239
2024-01-21,0.0854
2024-01-22,0
2024-01-23,0
2024-01-24,0
2024-01-25,0.0082
2024-01-26,0.0011
2024-01-27,0.2015
2024-01-28,0.2308
2024-01-29,0.0065
2024-01-30,0.0008
2024-01-31,0.1236
2024-02-01,0.0493
2024-02-02,0.1919
2024-02-03,0.142
2024-02-04,0.0649
2024-02-05,0.0626
2024-02-06,0.0477
2024-02-07,0.0894
2024-02-08,0.019
2024-02-09,0.0453
2024-02-10,0.0513
2024-02-11,0.0985
2024-02-12,0.1012
2024-02-13,0.0098
2024-02-14,0.0505
2024-02-15,0.0604
2024-02-16,0
2024-02-17,0.032
2024-02-18,0.0636
2024-02-19,0.0022
2024-02-20,0.0271
2024-02-21,0.0063
2024-02-22,0.1051
2024-02-23,0.2966
2024-02-24,0.0426
2024-02-25,0.0378
2024-02-26,0.0477
2024-02-27,0.0337
2024-02-28,0.0276
2024-02-29,0.1212
2024-03-01,0.0417
2024-03-02,0.1382
2024-03-03,0.0275
2024-03-04,0.0272
2024-03-05,0.0179
2024-03-06,0
2024-03-07,0.0355
2024-03-08,0.0735
2024-03-09,0.0724
2024-03-10,0.0297
2024-03-11,0.1106
2024-03-12,0.1202
2024-03-13,0.0076
2024-03-14,0
2024-03-15,0
2024-03-16,0.0661
2024-03-17,0.085
2024-03-18,0.0046
2024-03-19,0.0823
2024-03-20,0.0026
2024-03-21,0.0732
2024-03-22,0.0573
2024-03-23,0.0927
2024-03-24,0.0649
2024-03-25,0.0521
2024-03-26,0.0839
2024-03-27,0.0616
2024-03-28,0.0618
2024-03-29,0.1161
2024-03-30,0.2006
2024-03-31,0.0348
2024-04-01,0.0322
2024-04-02,0.0504
2024-04-03,0.0011
2024-04-04,0.0327
2024-04-05,0.0382
2024-04-06,0.0757
2024-04-07,0.0023
2024-04-08,0.1837
2024-04-09,0.0626
2024-04-10,0.0088
2024-04-11,0.0067
2024-04-12,0.0178
2024-04-13,0.1505
2024-04-14,0.0307
2024-04-15,0.0221
2024-04-16,0
2024-04-17,0.1038
2024-04-18,0.0163
2024-04-19,0.053
2024-04-20,0
2024-04-21,0.2098
2024-04-22,0.0035
2024-04-23,0.0863
2024-04-24,0.107
2024-04-25,0.0036
2024-04-26,0.0336
2024-04-27,0.0086
2024-04-28,0.203
2024-04-29,0.1177
2024-04-30,0.0206
2024-05-01,0.0194
2024-05-02,0.1708
2024-05-03,0.0209
2024-05-04,0.0499
2024-05-05,0.1072
2024-05-06,0.0104
2024-05-07,0.0063
2024-05-08,0.0554
2024-05-09,0.2007
2024-05-10,0.0161
2024-05-11,0.0018
2024-05-12,0.0329
2024-05-13,0.0143
2024-05-14,0.1056
2024-05-15,0.0197
2024-05-16,0.0747
2024-05-17,0.0021
2024-05-18,0.0101
2024-05-19,0.1893
2024-05-20,0.0495
2024-05-21,0.0122
2024-05-22,0.2541
2024-05-23,0.1526
2024-05-24,0.1502
2024-05-25,0.127
2024-05-26,0.1254
2024-05-27,0.1182
2024-05-28,0.063
2024-05-29,0.1077
2024-05-30,0
2024-05-31,0.0489
2024-06-01,0.0662
2024-06-02,0.1608
2024-06-03,0.095
2024-06-04,0.0684
2024-06-05,0.13
2024-06-06,0.0151
2024-06-07,0.2029
2024-06-08,0.0737
2024-06-09,0.1711
2024-06-10,0.0264
2024-06-11,0.1162
2024-06-12,0.1263
2024-06-13,0.0658
2024-06-14,0.2132
2024-06-15,0.0212
2024-06-16,0.0105
2024-06-17,0.0011
2024-06-18,0.0312
2024-06-19,0.0143
2024-06-20,0.0104
2024-06-21,0.1373
2024-06-22,0.0875
2024-06-23,0.0418
2024-06-24,0.0064
2024-06-25,0.033
2024-06-26,0.0173
2024-06-27,0.2017
2024-06-28,0.3118
2024-06-29,0.0532
2024-06-30,0.0202
2024-07-01,0.0651
2024-07-02,0.2189
2024-07-03,0.0327
2024-07-04,0.0514
2024-07-05,0.0147
2024-07-06,0.0752
2024-07-07,0.1936
2024-07-08,0.0247
2024-07-09,0.0627
2024-07-10,0.1667
2024-07-11,0.0206
2024-07-12,0.0499
2024-07-13,0.0277
2024-07-14,0.0178
2024-07-15,0.0116
2024-07-16,0.0646
2024-07-17,0.0658
2024-07-18,0.0334
2024-07-19,0.2058
2024-07-20,0.0054
2024-07-21,0.8936
2024-07-22,0.2903
2024-07-23,0.0287
2024-07-24,0.1045
2024-07-25,0.0071
2024-07-26,0.1309
2024-07-27,0.0392
2024-07-28,0.0789
2024-07-29,0.0346
2024-07-30,0.0662
2024-07-31,0.0398
2024-08-01,0.0881
2024-08-02,0.0614
2024-08-03,0.0195
2024-08-04,0.0073
2024-08-05,0.0076
2024-08-06,0.0206
2024-08-07,0.0791
2024-08-08,0.0575
2024-08-09,0.0561
2024-08-10,0.0132
2024-08-11,0.0014
2024-08-12,0.0003
2024-08-13,0.0903
2024-08-14,0.0405
2024-08-15,0.0317
2024-08-16,0.0152
2024-08-17,0.0501
2024-08-18,0
2024-08-19,0.0034
2024-08-20,0.0384
2024-08-21,0.0063
2024-08-22,0.0208
2024-08-23,0.0432
2024-08-24,0.219
2024-08-25,0.1573
2024-08-26,0.0391
2024-08-27,0.0025
2024-08-28,0.008
2024-08-29,0
2024-08-30,0.3038
2024-08-31,0.0047
2024-09-01,0.0924
2024-09-02,0.2642
2024-09-03,0.0017
2024-09-04,0.0019
2024-09-05,0
2024-09-06,0.0287
2024-09-07,0.0386
2024-09-08,0.0615
2024-09-09,0.0635
2024-09-10,0.0104
2024-09-11,0.0203
2024-09-12,0
2024-09-13,0.0129
2024-09-14,0.0017
2024-09-15,0.0228
2024-09-16,0.0017
2024-09-17,0.026
2024-09-18,0
2024-09-19,0
2024-09-20,0.2052
2024-09-21,0.1928
2024-09-22,0.1074
2024-09-23,0.0759
2024-09-24,0.0338
2024-09-25,0
2024-09-26,0
2024-09-27,0.0475
2024-09-28,0.139
2024-09-29,0.2196
2024-09-30,0.0447
2024-10-01,0.0154
2024-10-02,0.0152
2024-10-03,0.0864
2024-10-04,0.0054
2024-10-05,0.1616
2024-10-06,0.0161
2024-10-07,0.0043
2024-10-08,0.0124
2024-10-09,0.2055
2024-10-10,0.1145
2024-10-11,0.0825
2024-10-12,0.0155
2024-10-13,0.0334
2024-10-14,0.1067
2024-10-15,0.0337
2024-10-16,0.0337
2024-10-17,0.0027
2024-10-18,0.0156
2024-10-19,0
2024-10-20,0.0059
2024-10-21,0.1367
2024-10-22,0.0751
2024-10-23,0.0316
2024-10-24,0.094
2024-10-25,0.1624
2024-10-26,0
2024-10-27,0.0044
2024-10-28,0.1113
2024-10-29,0.0439
2024-10-30,0.01
2024-10-31,0.044
2024-11-01,0.1093
2024-11-02,0.0253
2024-11-03,0.0117
2024-11-04,0.0031
2024-11-05,0.0099
2024-11-06,0.004
2024-11-07,0.008
2024-11-08,0.0467
2024-11-09,0.064
2024-11-10,0
2024-11-11,0.0475
2024-11-12,0.046
2024-11-13,0.0474
2024-11-14,0.0424
2024-11-15,0.0496
2024-11-16,0
2024-11-17,0.0163
2024-11-18,0.0108
2024-11-19,0.0054
2024-11-20,0.0038
2024-11-21,0.0144
2024-11-22,0.0049
2024-11-23,0.0792
2024-11-24,0.0702
2024-11-25,0.0141
2024-11-26,0.0055
2024-11-27,0.1118
2024-11-28,0.0047
2024-11-29,0.0197
2024-11-30,0
2024-12-01,0.0139
2024-12-02,0.011
2024-12-03,0.0105
2024-12-04,0
2024-12-05,0.0197
2024-12-06,0.1733
2024-12-07,0.02
2024-12-08,0.0011
2024-12-09,0.015
2024-12-10,0.2209
2024-12-11,0.0295
2024-12-12,0.0146
2024-12-13,0.0005
2024-12-14,0.028
2024-12-15,0.0037
2024-12-16,0
2024-12-17,0
2024-12-18,0.0926
2024-12-19,0.0963
2024-12-20,25.4426
2024-12-21,19.6141
2024-12-22,5.8057
2024-12-23,3.4661
2024-12-24,6.104
2024-12-25,7.3674
2024-12-26,3.5563
2024-12-27,5.2253
2024-12-28,4.3226
2024-12-29,1.3655
2024-12-30,6.5581
2024-12-31,3.9638
2025-01-01,5.3107
2025-01-02,4.6786
2025-01-03,5.3673
2025-01-04,2.8534
2025-01-05,0.6653
2025-01-06,0.9698
2025-01-07,0.0919
2025-01-08,0.1346
2025-01-09,0.0581
2025-01-10,0.2218
2025-01-11,0.1195
2025-01-12,0.5986
2025-01-13,1.0589
2025-01-14,1.0937
2025-01-15,0.1543
2025-01-16,0.5647
2025-01-17,0.0103
2025-01-18,0.357
2025-01-19,0.1227
2025-01-20,0.1214
2025-01-21,0.0819
2025-01-22,0.0523
2025-01-23,0.1715
2025-01-24,0.0476
2025-01-25,0.6411
2025-01-26,0.1056
2025-01-27,0.0599
2025-01-28,0.0253
2025-01-29,0.7328
2025-01-30,0.052
2025-01-31,0.0279
2025-02-01,0.0211
2025-02-02,0.8846
2025-02-03,0.2205
2025-02-04,0.7309
2025-02-05,0.025
2025-02-06,0.162
2025-02-07,0.1456
2025-02-08,1.0035
2025-02-09,0.0358
2025-02-10,0.1864
2025-02-11,0.0355
2025-02-12,0.6152
2025-02-13,0.0555
2025-02-14,0.066
2025-02-15,0.1204
2025-02-16,0.1099
2025-02-17,0.0402
2025-02-18,0.0866
2025-02-19,0.0174
2025-02-20,0.0862
2025-02-21,0.0074
2025-02-22,0.04
2025-02-23,0.1113
2025-02-24,0.2736
2025-02-25,0.1269
2025-02-26,0.5469
2025-02-27,0.1192
2025-02-28,0.1496
2025-03-01,0.2236
2025-03-02,0.0526
2025-03-03,0.1028
2025-03-04,0.0015
2025-03-05,0.0074
2025-03-06,0.0686
2025-03-07,0.0163
2025-03-08,0.1678
2025-03-09,0.0437
2025-03-10,0.0092
2025-03-11,0.1316
2025-03-12,0.03
2025-03-13,0.0217
2025-03-14,0.0915
2025-03-15,0.2659
2025-03-16,0.0557
2025-03-17,0.0152
2025-03-18,0.0252
2025-03-19,0.7772
2025-03-20,0.0875
2025-03-21,0.0512
2025-03-22,0.0146
2025-03-23,0.0196
2025-03-24,0.161
2025-03-25,0.1802
2025-03-26,0.101
2025-03-27,0.0832
2025-03-28,0.0306
2025-03-29,0.2298
2025-03-30,0.1805
2025-03-31,0.0734
2025-04-01,0.0052
2025-04-02,0.0587
2025-04-03,0.0358
2025-04-04,0.0126
2025-04-05,1.1684
2025-04-06,0.1155
2025-04-07,0.0657
2025-04-08,0.0483
2025-04-09,0.0803
2025-04-10,0.0963
2025-04-11,0.0125
2025-04-12,0.9143
2025-04-13,0.0068
2025-04-14,0
2025-04-15,0.0006
2025-04-16,0.0122
2025-04-17,0.0003
2025-04-18,0.0103
2025-04-19,0.0034
2025-04-20,0.0523
2025-04-21,0.038
2025-04-22,0.1019
2025-04-23,0.0153
2025-04-24,1.0023
2025-04-25,0.1955
2025-04-26,0.1296
2025-04-27,0.1193
2025-04-28,0.0373
2025-04-29,0.0158
2025-04-30,0.1681
2025-05-01,0
2025-05-02,0.0294
2025-05-03,0.0826
2025-05-04,0.1814
2025-05-05,0.0225
2025-05-06,0.772
2025-05-07,0.1277
2025-05-08,0.0848
2025-05-09,0.0377
2025-05-10,1.0771
2025-05-11,0.0491
2025-05-12,0.0492
2025-05-13,0.0706
2025-05-14,0.1298
2025-05-15,0.1167
2025-05-16,0.0115
2025-05-17,0.0446
2025-05-18,0.0109
2025-05-19,0.055
2025-05-20,0.1559
2025-05-21,0.0187
2025-05-22,0.0672
2025-05-23,0.0051
2025-05-24,0.2058
2025-05-25,0.1413
2025-05-26,2.4873
2025-05-27,0.4042
2025-05-28,0.0705
2025-05-29,0.0176
2025-05-30,0.1048
2025-05-31,0.0874
2025-06-01,0.0613
2025-06-02,0.0919
2025-06-03,0.0385
2025-06-04,0.0731
2025-06-05,0.4829
2025-06-06,0.3935
2025-06-07,0.3051
2025-06-08,0.0213
2025-06-09,0.0112
2025-06-10,0.4921
2025-06-11,0.0566
2025-06-12,0.0654
2025-06-13,0.0117
2025-06-14,0.014
2025-06-15,1.5117
2025-06-16,0.0018
2025-06-17,0.0389
2025-06-18,0.0082
2025-06-19,0.0141
2025-06-20,0.0033
2025-06-21,0.0166
2025-06-22,0.0357
2025-06-23,0.0455
2025-06-24,0
2025-06-25,0.1253
2025-06-26,0.1195
2025-06-27,0.0213
2025-06-28,0.1678
2025-06-29,0.0239
2025-06-30,0.0868
2025-07-01,0.0169
2025-07-02,0.18
2025-07-03,0.0217
2025-07-04,0.0497
2025-07-05,0.2289
2025-07-06,0.5345
2025-07-07,0.0878
2025-07-08,0.2928
2025-07-09,0
2025-07-10,0.1391
2025-07-11,0.0076
2025-07-12,0.032
2025-07-13,0.0462
2025-07-14,0.0981
2025-07-15,0.0216
2025-07-16,0.0733
2025-07-17,0.2102
2025-07-18,0.81
2025-07-19,0.1129
2025-07-20,0.0401
2025-07-21,0.0135
2025-07-22,0.0359
2025-07-23,0.9056
2025-07-24,0.3167
2025-07-25,0.1136
2025-07-26,0.1658
2025-07-27,0.0445
2025-07-28,0.0384
2025-07-29,0.087
2025-07-30,0.0036
2025-07-31,0.1753
2025-08-01,0.0454
2025-08-02,0.0029
2025-08-03,0.0488
2025-08-04,0.0692
2025-08-05,0.0843
2025-08-06,0.0541
2025-08-07,0.0176
2025-08-08,0.0251
2025-08-09,0.0165
2025-08-10,0.2287
2025-08-11,0.0019
2025-08-12,0.1814
2025-08-13,0.0909
2025-08-14,0.0286
2025-08-15,0.1372
2025-08-16,0.0771
2025-08-17,0.0893
2025-08-18,0.0084
2025-08-19,0.0194
2025-08-20,0
2025-08-21,0
2025-08-22,0
2025-08-23,0.0218
2025-08-24,0.0896
2025-08-25,0.0003
2025-08-26,0.1797
2025-08-27,0.0718
2025-08-28,0.031
2025-08-29,0.0649
2025-08-30,0.2782
2025-08-31,0.0105
2025-09-01,0.0266
2025-09-02,0.0429
2025-09-03,0.0404
2025-09-04,0.0418
2025-09-05,0.0517
2025-09-06,0.0905
2025-09-07,0.0311
2025-09-08,0.8574
2025-09-09,0.1351
2025-09-10,0.2352
2025-09-11,0.004
2025-09-12,0.2897
2025-09-13,0.7582
2025-09-14,0.1737
2025-09-15,0.0605
2025-09-16,0.0551
2025-09-17,0.0121
2025-09-18,0.0215
2025-09-19,0.1544
2025-09-20,0.0659
2025-09-21,0.0092
2025-09-22,0.019
2025-09-23,0.0215
2025-09-24,0.3137
2025-09-25,0
2025-09-26,0.0204
2025-09-27,0.0362
2025-09-28,0.0048
2025-09-29,0.1576
2025-09-30,0.1017
2025-10-01,0.1461
2025-10-02,0.0421
2025-10-03,0.0317
2025-10-04,1.7606
2025-10-05,0.0314
2025-10-06,0.0266
2025-10-07,0.0538
2025-10-08,0.0954
2025-10-09,0.0049
2025-10-10,0.0251
2025-10-11,0.0286
2025-10-12,0.0578
2025-10-13,0.0031
2025-10-14,0.1267
2025-10-15,0.0125
2025-10-16,0.0885
2025-10-17,0.0142
2025-10-18,0.138
2025-10-19,0.0222
2025-10-20,0.0079
2025-10-21,0.0284
2025-10-22,0.1415
2025-10-23,0.0695
2025-10-24,0.0697
2025-10-25,0.0162
2025-10-26,0.0977
2025-10-27,0.1103
2025-10-28,0.0891
2025-10-29,0.2729
2025-10-30,0.0552
2025-10-31,0.1359
2025-11-01,0.0492
2025-11-02,0.0517
2025-11-03,0.0145
2025-11-04,0.0165
2025-11-05,0.0016
2025-11-06,0.0607
2025-11-07,0.0079
2025-11-08,0.0631
2025-11-09,0.0143
2025-11-10,0.0061
2025-11-11,0.0024
2025-11-12,0.223
2025-11-13,0.0676
2025-11-14,0.0097
2025-11-15,0.1966
2025-11-16,0.1056
2025-11-17,0.0339
2025-11-18,0
2025-11-19,0.131
2025-11-20,0.1172
2025-11-21,0.1327
2025-11-22,0.8246
2025-11-23,0.0398
2025-11-24,0
2025-11-25,0.0702
2025-11-26,0
2025-11-27,0
2025-11-28,0.011
2025-11-29,0.2873
2025-11-30,0.1079
2025-12-01,0.0419
2025-12-02,0.2824
2025-12-03,0.1334
2025-12-04,0.0706
2025-12-05,0.2099
2025-12-06,0.9293
2025-12-07,0.1166
2025-12-08,0.0551
2025-12-09,0.0192
2025-12-10,0.0399
2025-12-11,0.033
2025-12-12,0.0195
2025-12-13,0.1152
2025-12-14,0.0781
2025-12-15,0.1311
2025-12-16,0.2368
2025-12-17,0.0082
2025-12-18,0.039
2025-12-19,0.0566
2025-12-20,0.1217
2025-12-21,0.0016
2025-12-22,0.018
2025-12-23,0.3614
2025-12-24,0.0558
2025-12-25,0.9759
2025-12-26,0.0383
2025-12-27,0.4737
2025-12-28,0.081
2025-12-29,0.1047
2025-12-30,0.0524
2025-12-31,0.2207
2026-01-01,0.2192
2026-01-02,0.3681
2026-01-03,1.4202
2026-01-04,0.1543
2026-01-05,0.0799
2026-01-06,0.245
2026-01-07,0.1381
2026-01-08,1.0543
2026-01-09,1.0212
2026-01-10,0.2599
2026-01-11,0.2082
2026-01-12,0.8062
2026-01-13,0.0089
2026-01-14,0.0699
2026-01-15,0.3762
2026-01-16,0.7963
2026-01-17,0.9375
2026-01-18,0.9698
2026-01-19,0.0095
2026-01-20,0.483
2026-01-21,0.1606
2026-01-22,0.2418
2026-01-23,0.2484
2026-01-24,0.1628
2026-01-25,0.1504
2026-01-26,0.0866
2026-01-27,0.021
2026-01-28,0.0334
2026-01-29,0.0591
2026-01-30,0.8964
2026-01-31,0.1345
2026-02-01,0.0214
2026-02-02,0.0894
2026-02-03,0.0307
2026-02-04,0.0511
2026-02-05,0.0628
2026-02-06,0.0448
2026-02-07,0.1769
2026-02-08,0.7093
